Alentus,HostMonster
498.15,1.17
5.95,2.79
11.8,1.19
8.84,1.17
5.92,1.42
7.99,1.6
1.8,1.3
1.6,1.44
2.49,5.74
1.06,1.43
0.75,1.36
2.01,2.01
3.04,11.77
2.04,4.24
1.79,4.59
2.47,4.95
2.03,3.21
2.28,2.73
7.97,3.37
6.38,5.82
424.01,2.62
19.36,2.64
21.99,2.48
9.15,2.64
9.08,2.74
3.18,3.17
3.12,3.94
1.57,1.46
1.27,2.2
4.06,1.97
2.87,2.52
1.84,3.7
2.67,2.38
9.1,2.07
3.69,2.18
2.72,1.31
256.45,1.98
6.78,2.25
3.73,1.73
21.45,2.44
8.76,2.18
12.29,1.81
1.57,1.75
2.9,0.83
0.95,0.73
2.22,3.78
1.35,2.49
0.89,1.85
2.24,1.73
1.56,2.06
1.56,1.9
1.54,2.23
7.64,1.99
0.41,1.75
2.38,1.73
0.92,1.95
1.13,2.28
2.2,2.06
1.42,2.53
1.01,2.31
1.86,2.83
1.31,2.58
0.73,2.52
3.94,3.94
2.48,1.89
1.6,2.3
3.56,2.15
4.32,2.65
7.55,2.46
2.13,2.97
1.65,3.14
1.01,2.59
385.27,2.36
7.63,1.65
20.49,1.73
43.57,1.08
18.46,2.48
21.14,4.62
11.47,3.63
2.1,2.13
1.07,2.48
1.06,2.42
3.2,3.13
3.99,1.67
3.41,1.3
107.15,1.57
1.83,1.5
0.96,1.18
1.76,2.68
1.25,3.04
1.67,7.13
1.97,2.31
1.7,2.04
0.86,2.06
3.14,2.18
1.63,2.15
1.29,
1.47,
1.62,
1.26,
0.9,
0.99,
0.82,